{
    "database" : {
        "db_host" : "idf-eastus2-prod-postgres.postgres.database.azure.com",
        "db_port" : "5432",
        "rbac_search_path" : "rbac",
        "ainlm_search_path" : "ainlm",
        "milvus_db_configs" : {
            "database" : "ainlm",
            "port" : "19530",
            "host" : "localhost"
        }
    },
    "LLM" : {
        "embeddings_configs" : {
            "model_name" : "BAAI/bge-small-en",
            "device" : "cuda",
            "normalize_embeddings" : "True"
        },
        "llm_configs" : {
        "max_tokens" : 800,
        "top_p" : 0.95,
        "frequency_penalty" : 1.1,
        "temperature" : 0.01
        }
    },
    "Ports" : {
        "backend":8081,
        "retriever_tester":8083
    },
    "version" : "1.0.3"
}